{"List":[{"Type":"Object","PrefabName":"House_1","Position":{"x":621.8099975585938,"y":64.83000183105469,"z":229.0800018310547},"Rotation":{"x":0.0,"y":46.27476501464844,"z":0.0},"Scale":{"x":1.0,"y":1.0,"z":1.0}}]}