{"List":[{"Type":"Object","PrefabName":"House_1","Position":{"x":36.779998779296878,"y":36.41999816894531,"z":8.970000267028809},"Rotation":{"x":0.0,"y":335.077880859375,"z":0.0},"Scale":{"x":1.0,"y":1.0,"z":1.0}},{"Type":"Object","PrefabName":"House_1","Position":{"x":11.979999542236329,"y":34.87999725341797,"z":-17.350000381469728},"Rotation":{"x":0.0,"y":132.2854461669922,"z":0.0},"Scale":{"x":1.0,"y":1.0,"z":1.0}},{"Type":"Object","PrefabName":"House_1","Position":{"x":32.11000061035156,"y":34.87999725341797,"z":-17.540000915527345},"Rotation":{"x":0.0,"y":77.93368530273438,"z":0.0},"Scale":{"x":1.0,"y":1.0,"z":1.0}}]}